MUNICIPIO;IDYEAR;IDMUNICIPIO;IDFILA;INT;PARTINT;PORC_VALVOT;BANC_GAN;PORC_BANGAN;BANCAS;BANCASMT;PORC_BANCASMT;CONTROL_SUC;INTERRUP
AGUARAY;1987;1;11987;TEJERINA DE SALVATIERRA, GLORIA DELMA;PJ;;3;0,5;6;;;1;0
AGUARAY;1991;1;11991;GIL, JOSE OSCAR;PJ;0,5538;4;0,667;6;5;0,833;2;0
AGUARAY;1995;1;11995;GIL, JOSE OSCAR;PJ;0,6672;5;0,714;7;4;0,571;1;0
AGUARAY;1999;1;11999;MONTEROS, NORMAN DOMINGO;PJ;0,6141;4;0,571;7;4;0,571;0;0
AGUARAY;2003;1;12003;ALCOBA, JUAN CARLOS;AMDC;0,4621;4;0,571;7;4;0,571;2;0
AGUARAY;2007;1;12007;ALCOBA, JUAN CARLOS;AMDC;0,5048;3;0,429;7;4;0,571;2;0
AGUARAY;2011;1;12011;ALCOBA, JUAN CARLOS;AMDC;0,5019;4;0,571;7;4;0,571;0;0
AGUARAY;2015;1;12015;DAROUICHE, ALFREDO NADIM;FRO;0,4518;2;0,286;7;1;0,143;0;0
AGUARAY;2019;1;12019;PRADO, JORGE ENRIQUE;PV;0,4489;3;0,429;7;;;;0
ANGASTACO;1987;2;21987;RIVADENEIRA, WASHINGTON SEGUNDO;PJ;;2;0,5;4;;;2;0
ANGASTACO;1991;2;21991;RIVADENEIRA, WASHINGTON SEGUNDO;PJ;0,672;3;0,75;4;2;0,5;0;0
ANGASTACO;1995;2;21995;DIAZ, EDUARDO RAMON;PRS;0,6208;3;0,75;4;1;0,25;2;0
ANGASTACO;1999;2;21999;DIAZ, EDUARDO RAMON;PJ;0,9068;3;1;3;3;1;2;0
ANGASTACO;2003;2;22003;CHAUQUI, JUAN HORACIO;PJ;0,3957;1;0,333;3;3;1;1;0
ANGASTACO;2007;2;22007;DIAZ, EDUARDO RAMON;MRP;0,4177;2;0,667;3;3;1;2;0
ANGASTACO;2011;2;22011;DIAZ, EDUARDO RAMON;PJ;0,5761;2;0,667;3;1;0,333;2;0
ANGASTACO;2015;2;22015;DIAZ, EDUARDO RAMON;PJ;0,4919;2;0,667;3;2;0,667;1;0
ANGASTACO;2019;2;22019;RIOS, CARLOS ERNESTO;PJ;0,7142;3;1;3;;;;0
ANIMANA;1987;3;31987;VILLOLDO, CARLOS JOAQUIN;PJ;;2;0,667;3;;;1;0
ANIMANA;1991;3;31991;DOLINSKI, BASILIO;PJ;0,4833;2;0,667;3;1;0,333;1;0
ANIMANA;1995;3;31995;CARDOZO, ROSA EMILIO;PJ;0,4953;2;0,667;3;2;0,667;1;0
ANIMANA;1999;3;31999;CONDORI, IGNACIO VICENTE;PJ;0,6919;2;0,667;3;3;1;2;0
ANIMANA;2003;3;32003;CONDORI, IGNACIO VICENTE;PJ;0,4908;2;0,667;3;2;0,667;2;0
ANIMANA;2007;3;32007;CONDORI, IGNACIO VICENTE;PJ;0,5252;2;0,667;3;2;0,667;2;0
ANIMANA;2011;3;32011;CONDORI, IGNACIO VICENTE;PJ;0,5621;2;0,667;3;2;0,667;0;0
ANIMANA;2015;3;32015;GUAIMAS, JOSE ROLANDO;FRO;0,4823;1;0,333;3;2;0,667;2;0
ANIMANA;2019;3;32019;GUAIMAS, JOSE ROLANDO;PJ;0,7095;2;0,667;3;;;;0
APOLINARIO SARAVIA;1987;4;41987;REVIRIEGO TALLO, VICTOR MIGUEL;PJ;;3;0,5;6;3;0,5;0;0
APOLINARIO SARAVIA;1991;4;41991;CABRERA, SAMUEL EDUARDO;PRS;0,5321;3;0,5;6;3;0,5;2;0
APOLINARIO SARAVIA;1995;4;41995;CABRERA, SAMUEL EDUARDO;PRS;0,5422;3;0,5;6;3;0,5;0;0
APOLINARIO SARAVIA;1999;4;41999;GOMEZ, ERNESTO ANGEL;PJ;0,5923;3;0,6;5;3;0,6;0;0
APOLINARIO SARAVIA;2003;4;42003;CABRERA, SAMUEL EDUARDO;AVA;0,5279;3;0,6;5;2;0,4;2;0
APOLINARIO SARAVIA;2007;4;42007;CABRERA, SAMUEL EDUARDO;AVA;0,3094;3;0,6;5;1;0,2;2;0
APOLINARIO SARAVIA;2011;4;42011;CABRERA, SAMUEL EDUARDO;AVA;0,4812;4;0,8;5;1;0,2;0;0
APOLINARIO SARAVIA;2015;4;42015;MOISES, MARCELO DANIEL;PJ;0,6795;3;0,6;5;4;0,8;2;0
APOLINARIO SARAVIA;2019;4;42019;MOISES, MARCELO DANIEL;PJ;0,6205;4;0,8;5;;;;0
CACHI;1987;5;51987;MAGNO, LUIS ALBERTO;PJ;;3;0,75;4;;;1;0
CACHI;1991;5;51991;FLORES, MARIA FANNY;PJ;0,4307;2;0,5;4;3;0,75;2;0
CACHI;1995;5;51995;FLORES, MARIA FANNY;PJ;0,6956;3;0,75;4;3;0,75;2;0
CACHI;1999;5;51999;FLORES, MARIA FANNY;PJ;0,9012;3;1;3;3;1;2;0
CACHI;2003;5;52003;FLORES, MARIA FANNY;PJ;0,5778;3;0,6;5;3;0,6;2;0
CACHI;2007;5;52007;FLORES, MARIA FANNY;PJ;0,4892;4;0,8;5;2;0,4;2;0
CACHI;2011;5;52011;FLORES, MARIA FANNY;PJ;0,5761;2;0,4;5;2;0,4;2;0
CACHI;2015;5;52015;LIENDRO, AMERICO;UCR;0,5304;2;0,4;5;3;0,6;2;0
CACHI;2019;5;52019;LIENDRO, AMERICO;UCR;0,4758;3;0,6;5;;;;0
CAFAYATE;1987;6;61987;DOMINGO, OSVALDO;PJ;;4;0,667;6;;;1;0
CAFAYATE;1991;6;61991;STRISICH, JESUS RICARDO;PJ;0,6791;5;0,833;6;3;0,5;2;0
CAFAYATE;1995;6;61995;STRISICH, JESUS RICARDO;PJ;0,5989;4;0,667;6;5;0,833;1;0
CAFAYATE;1999;6;61999;OCAMPO, JUAN ESTEBAN;PJ;0,6459;3;0,6;5;3;0,6;2;0
CAFAYATE;2003;6;62003;OCAMPO, JUAN ESTEBAN;PJ;0,4576;4;0,571;7;3;0,429;2;0
CAFAYATE;2007;6;62007;OCAMPO, JUAN ESTEBAN;PJ;0,3514;3;0,429;7;3;0,429;0;0
CAFAYATE;2011;6;62011;ALMELA, NESTOR FERNANDO;PRS;0,415;2;0,286;7;1;0,143;2;0
CAFAYATE;2015;6;62015;ALMELA, NESTOR FERNANDO;PJ;0,4311;4;0,571;7;2;0,286;2;0
CAFAYATE;2019;6;62019;ALMELA, NESTOR FERNANDO;PJ;0,4048;3;0,429;7;;;;0
CAMPO QUIJANO;1987;7;71987;GUAIMAS, JESUS ARMANDO;PJ;;4;0,667;6;;;2;0
CAMPO QUIJANO;1991;7;71991;GUAIMAS, JESUS ARMANDO;PJ;0,504;4;0,667;6;3;0,5;0;0
CAMPO QUIJANO;1995;7;71995;SOSA, CARLOS ALBERTO;PRS;0,5028;3;0,5;6;3;0,5;2;0
CAMPO QUIJANO;1999;7;71999;SOSA, CARLOS ALBERTO;PRS;0,611;3;0,6;5;2;0,4;1;0
CAMPO QUIJANO;2003;7;72003;CORNEJO, MANUEL;PRS;0,549;4;0,571;7;4;0,571;2;0
CAMPO QUIJANO;2007;7;72007;CORNEJO, MANUEL;PRS;0,5018;3;0,429;7;4;0,571;2;0
CAMPO QUIJANO;2011;7;72011;CORNEJO, MANUEL;PRS;0,4238;5;0,714;7;4;0,571;2;0
CAMPO QUIJANO;2015;7;72015;CORNEJO, MANUEL;PRS;0,422;3;0,429;7;4;0,571;1;0
CAMPO QUIJANO;2019;7;72019;FOLLONI, CARLOS HECTOR;SG;0,52;4;0,571;7;;;;0
CAMPO SANTO;1987;8;81987;MERLLAN, VICTOR HUGO;PJ;;3;0,5;6;4;0,667;1;0
CAMPO SANTO;1991;8;81991;ALDERETE, LUIS OSCAR;PJ;0,5378;4;0,667;6;5;0,833;1;0
CAMPO SANTO;1995;8;81995;CUENCA, MARIO ALBERTO;PJ;0,7406;5;0,833;6;5;0,833;2;0
CAMPO SANTO;1999;8;81999;CUENCA, MARIO ALBERTO;PJ;0,9543;5;1;5;4;0,8;1;0
CAMPO SANTO;2003;8;82003;RALLE, GERMAN DARIO;PJ;0,5299;3;0,6;5;3;0,6;0;0
CAMPO SANTO;2007;8;82007;CUENCA, MARIO ALBERTO;MRP;0,4018;3;0,6;5;3;0,6;2;0
CAMPO SANTO;2011;8;82011;CUENCA, MARIO ALBERTO;PV;0,5605;3;0,6;5;3;0,6;2;0
CAMPO SANTO;2015;8;82015;CUENCA, MARIO ALBERTO;PV;0,527;3;0,6;5;2;0,4;1;0
CAMPO SANTO;2019;8;82019;PASTRANA, JOSEFINA HORTENCIA;PV;0,3559;3;0,6;5;;;;0
CERRILLOS;1987;9;91987;BERRUEZO, MANUEL ALBERTO;PJ;;4;0,667;6;;;1;0
CERRILLOS;1991;9;91991;CORIMAYO, HUMBERTO RUBEN;PJ;0,447;3;0,5;6;3;0,5;2;0
CERRILLOS;1995;9;91995;CORIMAYO, HUMBERTO RUBEN;PJ;0,4399;3;0,429;7;5;0,714;1;0
CERRILLOS;1999;9;91999;GUZMAN, CLELIA DEL VALLE;PJ;0,7001;5;0,714;7;5;0,714;1;0
CERRILLOS;2003;9;92003;CORIMAYO, HUMBERTO RUBEN;PJ;0,4064;4;0,571;7;4;0,571;2;0
CERRILLOS;2007;9;92007;CORIMAYO, HUMBERTO RUBEN;PJ;0,1912;2;0,286;7;3;0,429;2;0
CERRILLOS;2011;9;92011;CORIMAYO, HUMBERTO RUBEN;PJ;0,391;2;0,286;7;3;0,429;0;0
CERRILLOS;2015;9;92015;VEGA, YOLANDA GRACIELA;FRO;0,4699;5;0,714;7;4;0,571;2;0
CERRILLOS;2019;9;92019;VEGA, YOLANDA GRACIELA;SG;0,54;4;0,571;7;;;;0
CHICOANA;1987;10;101987;RAMOS, HECTOR JULIO;PJ;;4;0,667;6;;;1;0
CHICOANA;1991;10;101991;CORDOBA, FELIZ OMAR;PJ;0,5;3;0,5;6;4;0,667;0;0
CHICOANA;1995;10;101995;DEMAYO, HEVER LINDOR;PRS;0,5285;3;0,5;6;2;0,333;0;0
CHICOANA;1999;10;101999;ROMANO, RAUL ANTONIO;PJ;0,6324;3;0,6;5;4;0,8;2;0
CHICOANA;2003;10;102003;ROMANO, RAUL ANTONIO;PJ;0,5567;3;0,6;5;2;0,4;2;0
CHICOANA;2007;10;102007;ROMANO, RAUL ANTONIO;PJ;0,4992;3;0,6;5;2;0,4;0;0
CHICOANA;2011;10;102011;IVETICH, ESTEBAN SERGIO;PRS;0,4327;3;0,6;5;2;0,4;2;0
CHICOANA;2015;10;102015;IVETICH, ESTEBAN SERGIO;PRS;0,4879;3;0,6;5;2;0,4;2;0
CHICOANA;2019;10;102019;IVETICH, ESTEBAN SERGIO;PV;0,4526;3;0,6;5;;;;0
COLONIA SANTA ROSA;1987;11;111987;YANAKIS, JUAN EDUARDO;PJ;;4;0,667;6;4;0,667;2;0
COLONIA SANTA ROSA;1991;11;111991;YANAKIS, JUAN EDUARDO;PJ;0,5404;3;0,5;6;4;0,667;2;0
COLONIA SANTA ROSA;1995;11;111995;YANAKIS, JUAN EDUARDO;PJ;0,6591;5;0,714;7;5;0,714;1;0
COLONIA SANTA ROSA;1999;11;111999;QUIROGA, DARDO ANTONIO;PJ;0,7149;5;0,714;7;6;0,857;2;0
COLONIA SANTA ROSA;2003;11;112003;QUIROGA, DARDO ANTONIO;PJ;0,6546;5;0,714;7;3;0,429;2;0
COLONIA SANTA ROSA;2007;11;112007;QUIROGA, DARDO ANTONIO;PJ;0,2912;3;0,429;7;4;0,571;2;0
COLONIA SANTA ROSA;2011;11;112011;QUIROGA, DARDO ANTONIO;PJ;0,3284;2;0,286;7;4;0,571;0;0
COLONIA SANTA ROSA;2015;11;112015;GUERRA, JORGE MARIO;FS;0,4637;4;0,571;7;4;0,571;2;0
COLONIA SANTA ROSA;2019;11;112019;GUERRA, JORGE MARIO;PJ;0,3426;3;0,429;7;;;;0
CORONEL MOLDES;1987;12;121987;PORTAL, JULIO ARMANDO;PJ;;2;0,5;4;;;1;0
CORONEL MOLDES;1991;12;121991;CESAR, JORGE RUBEN;PJ;0,5428;3;0,75;4;2;0,5;1;0
CORONEL MOLDES;1995;12;121995;LOPEZ, FLAVIO ALFREDO;PJ;0,5311;3;0,75;4;2;0,5;2;0
CORONEL MOLDES;1999;12;121999;LOPEZ, FLAVIO ALFREDO;PJ;0,8178;3;1;3;3;1;1;0
CORONEL MOLDES;2003;12;122003;LEWIS, CARLOS JORGE;PJ;0,5716;2;0,667;3;2;0,667;1;0
CORONEL MOLDES;2007;12;122007;GARCIA, OSVALDO DARIO;PJ;0,4996;3;1;3;2;0,667;2;0
CORONEL MOLDES;2011;12;122011;GARCIA, OSVALDO DARIO;PJ;0,5523;1;0,333;3;1;0,333;2;0
CORONEL MOLDES;2015;12;122015;GARCIA, OSVALDO DARIO;PJ;0,3427;2;0,667;3;;0;0;1
CORONEL MOLDES;2017;12;122017;CARRERAS, RITA SUSANA;CPS;0,4852;2;0,667;3;2;0,667;0;0
CORONEL MOLDES;2019;12;122019;CARRASCO, OMAR CESAR;FP;0,3392;2;0,667;3;;;;0
EL BORDO;1987;13;131987;SOSA, JUAN HUGO;PJ;;2;0,5;4;3;0,75;1;0
EL BORDO;1991;13;131991;SALVA, RAUL ERNESTO;PJ;0,6376;3;0,75;6;4;0,667;2;0
EL BORDO;1995;13;131995;SALVA, RAUL ERNESTO;PJ;0,4794;3;0,5;6;5;0,833;1;0
EL BORDO;1999;13;131999;SALCEDO, NESTOR WALTER;PJ;0,9615;5;1;5;3;0,6;0;0
EL BORDO;2003;13;132003;MAZZONE, JUAN ROSARIO;UPS;0,5233;2;0,4;5;1;0,2;0;0
EL BORDO;2007;13;132007;VALDIVIEZO, FAUSTO EDUARDO;PRS;0,2922;2;0,4;5;2;0,4;0;0
EL BORDO;2011;13;132011;MAZZONE, JUAN ROSARIO;EL PROGRESO DE EL BORDO + FRENTE GRANDE;0,3317;2;0,4;5;2;0,4;2;1
EL BORDO;2015;13;132015;MARTINES, RAUL ERNESTO;PV;0,3888;3;0,6;5;3;0,6;0;0
EL BORDO;2019;13;132019;COPA, SERGIO;PJ;0,3468;3;0,6;5;;;;0
EL CARRIL;1987;14;141987;CORNEJO PATRON, TEODORO FRANCISCO J;PJ;;3;0,5;6;;;2;0
EL CARRIL;1991;14;141991;CORNEJO PATRON, TEODORO FRANCISCO J;PJ;0,6649;4;0,667;6;3;0,5;1;0
EL CARRIL;1995;14;141995;ALVAREZ, CARLOS DANTE;PJ;0,4925;3;0,5;6;3;0,5;0;0
EL CARRIL;1999;14;141999;D ANDREA CORNEJO, ESTEBAN;PRS;0,5128;2;0,4;5;2;0,4;2;0
EL CARRIL;2003;14;142003;D ANDREA CORNEJO, ESTEBAN;PRS;0,6537;4;0,8;5;3;0,6;2;0
EL CARRIL;2007;14;142007;D ANDREA CORNEJO, ESTEBAN;PRS;0,562;3;0,6;5;3;0,6;2;0
EL CARRIL;2011;14;142011;D ANDREA CORNEJO, ESTEBAN;PRS;0,5259;3;0,6;5;3;0,6;2;0
EL CARRIL;2015;14;142015;D ANDREA CORNEJO, ESTEBAN;PRS;0,549;4;0,571;7;4;0,571;0;0
EL CARRIL;2019;14;142019;OROSCO BERNARDETTE, EFRAIN EDUARDO;PV;0,481;4;0,571;7;;;;0
EL GALPON;1987;15;151987;THOMAS, HECTOR JOAQUIN;PJ;;3;0,5;6;3;0,5;1;0
EL GALPON;1991;15;151991;REHAY HATTI, HELNA ELIZABETH;PJ;0,6491;4;0,667;6;3;0,5;2;0
EL GALPON;1995;15;151995;REHAY HATTI, HELNA ELIZABETH;PJ;0,459;3;0,5;6;4;0,667;2;0
EL GALPON;1999;15;151999;REHAY HATTI, HELNA ELIZABETH;PJ;0,5133;3;0,6;5;4;0,8;2;0
EL GALPON;2003;15;152003;REHAY HATTI, HELNA ELIZABETH;PJ;0,5368;3;0,6;5;3;0,6;0;0
EL GALPON;2007;15;152007;ROMERO, HECTOR ERNESTO;PRS;0,4924;2;0,4;5;3;0,6;2;0
EL GALPON;2011;15;152011;ROMERO, HECTOR ERNESTO;PRS;0,5335;2;0,4;5;3;0,6;2;0
EL GALPON;2015;15;152015;SACCA, FEDERICO JORGE;PJ;0,4955;3;0,6;5;3;0,6;2;0
EL GALPON;2019;15;152019;SACCA, FEDERICO JORGE;PV;0,636;3;0,6;5;;;;0
EL JARDIN;1987;16;161987;MATTOS, HECTOR GABRIEL;PJ;;2;0,667;3;;;1;0
EL JARDIN;1991;16;161991;LOPEZ, CARLOS FABIAN;PJ;0,4513;1;0,333;3;2;0,667;2;0
EL JARDIN;1995;16;161995;LOPEZ, CARLOS FABIAN;PJ;0,5052;2;0,667;3;1;0,333;1;0
EL JARDIN;1999;16;161999;MATTOS, JOSE FERNANDO;PJ;0,5041;2;0,667;3;2;0,667;0;0
EL JARDIN;2003;16;162003;SANZ, REIMUNDO ALBERTO;PRS;0,5987;2;0,667;3;2;0,667;2;0
EL JARDIN;2007;16;162007;SANZ, REIMUNDO ALBERTO;PRS;0,5004;2;0,667;3;2;0,667;2;0
EL JARDIN;2011;16;162011;SANZ, REIMUNDO ALBERTO;PRS;0,482;2;0,667;3;2;0,667;0;0
EL JARDIN;2015;16;162015;LOPEZ, CARLOS FABIAN;FRO;0,5288;2;0,667;3;1;0,333;2;0
EL JARDIN;2019;16;162019;LOPEZ, CARLOS FABIAN;SG;0,5294;2;0,667;3;;;;0
EL POTRERO;1987;17;171987;CABRERA, JUAN CARLOS;PJ;;2;0,5;4;;;2;0
EL POTRERO;1991;17;171991;CABRERA, JUAN CARLOS;PJ;0,4068;2;0,5;4;2;0,5;1;0
EL POTRERO;1995;17;171995;MUR REINAGA, CARLOS AUGUSTO;PJ;0,5777;2;0,5;4;3;0,75;2;0
EL POTRERO;1999;17;171999;MUR REINAGA, CARLOS AUGUSTO;PJ;0,6186;2;0,667;3;2;0,667;2;0
EL POTRERO;2003;17;172003;MUR REINAGA, CARLOS AUGUSTO;PJ;0,6134;2;0,667;3;3;1;2;0
EL POTRERO;2007;17;172007;MUR REINAGA, CARLOS AUGUSTO;PJ;0,5769;2;0,667;3;2;0,667;2;0
EL POTRERO;2011;17;172011;MUR REINAGA, CARLOS AUGUSTO;PJ;0,5367;2;0,667;3;2;0,667;2;0
EL POTRERO;2015;17;172015;MUR REINAGA, CARLOS AUGUSTO;PJ;0,5794;2;0,667;3;2;0,667;2;0
EL POTRERO;2019;17;172019;MUR REINAGA, CARLOS AUGUSTO;PJ;0,5068;2;0,667;3;;;;0
EL QUEBRACHAL;1987;18;181987;SANDEZ, PEDRO;PJ;;3;0,5;6;5;0,833;0;0
EL QUEBRACHAL;1991;18;181991;BULACIO, EUSEBIO;UCR;0,4842;3;0,5;6;3;0,5;2;0
EL QUEBRACHAL;1995;18;181995;BULACIO, EUSEBIO;UCR;0,4795;3;0,5;6;3;0,5;0;0
EL QUEBRACHAL;1999;18;181999;GARCIA, LEONARDO FABIAN;PJ;0,6171;3;0,6;5;4;0,8;2;0
EL QUEBRACHAL;2003;18;182003;GARCIA, LEONARDO FABIAN;PJ;0,5266;4;0,571;7;4;0,571;2;0
EL QUEBRACHAL;2007;18;182007;GARCIA, LEONARDO FABIAN;PJ;0,4994;4;0,571;7;4;0,571;2;0
EL QUEBRACHAL;2011;18;182011;GARCIA, LEONARDO FABIAN;PJ;0,5063;4;0,571;7;4;0,571;2;0
EL QUEBRACHAL;2015;18;182015;GARCIA, LEONARDO FABIAN;PJ;0,6101;4;0,571;7;3;0,429;0;0
EL QUEBRACHAL;2019;18;182019;ROJAS, ROLANDO RODOLFO;PAIS;0,5275;4;0,571;7;;;;0
EL TALA;1987;19;191987;GONZALEZ, LAZARO ESTANISLAO;PJ;;2;0,667;3;;;1;0
EL TALA;1991;19;191991;GALVAN, ENRIQUE ANTONIO;PJ;0,4587;2;0,667;3;2;0,667;2;0
EL TALA;1995;19;191995;GALVAN, ENRIQUE ANTONIO;PJ;0,5506;2;0,5;4;3;0,75;1;0
EL TALA;1999;19;191999;SOLIS, FERNANDO;PJ;0,7382;2;0,667;3;2;0,667;1;0
EL TALA;2003;19;192003;GALVAN, ENRIQUE ANTONIO;PJ;0,4374;2;0,667;3;1;0,333;1;0
EL TALA;2007;19;192007;PAZ, MANUEL NORBERTO;PJ;0,4761;2;0,667;3;2;0,667;2;0
EL TALA;2011;19;192011;PAZ, MANUEL NORBERTO;PJ;0,4334;2;0,667;3;2;0,667;0;0
EL TALA;2015;19;192015;MELLADO CASTELLANO, ANDRES JESUS;FRO;0,5216;2;0,667;3;1;0,333;1;0
EL TALA;2019;19;192019;PONCE, DANIEL OMAR;PAIS;0,397;2;0,667;3;;;;0
EMBARCACION;1987;20;201987;CABALLERO, JUAN;PJ;;5;0,714;7;;;2;0
EMBARCACION;1991;20;201991;CABALLERO, JUAN;PJ;0,4696;4;0,571;7;4;0,571;2;0
EMBARCACION;1995;20;201995;CABALLERO, JUAN;PJ;0,4919;4;0,5;8;6;0,75;1;0
EMBARCACION;1999;20;201999;LLAYA, ALFREDO MIGUEL;PJ;0,8529;6;0,857;7;6;0,857;2;0
EMBARCACION;2003;20;202003;LLAYA, ALFREDO MIGUEL;PJ;0,7287;5;0,556;9;6;0,667;2;0
EMBARCACION;2007;20;202007;LLAYA, ALFREDO MIGUEL;PJ;0,4655;4;0,444;9;6;0,667;2;0
EMBARCACION;2011;20;202011;LLAYA, ALFREDO MIGUEL;PJ;0,5521;4;0,444;9;6;0,667;2;0
EMBARCACION;2015;20;202015;LLAYA, ALFREDO MIGUEL;PJ;0,547;6;0,667;9;4;0,444;0;0
EMBARCACION;2019;20;202019;FUNES, CARLOS HUGO;SG;0,4421;5;0,556;9;;;;0
GENERAL BALLIVIAN;1987;21;211987;CORDOBA, SAMUEL;PJ;;2;0,667;3;;;2;0
GENERAL BALLIVIAN;1991;21;211991;CORDOBA, SAMUEL GERARDO;PJ;0,51;2;0,667;3;2;0,667;2;0
GENERAL BALLIVIAN;1995;21;211995;CORDOBA, SAMUEL GERARDO;PJ;0,6697;3;1;3;2;0,667;2;0
GENERAL BALLIVIAN;1999;21;211999;CORDOBA, SAMUEL GERARDO;PJ;0,5752;2;0,667;3;3;1;2;0
GENERAL BALLIVIAN;2003;21;212003;CORDOBA, SAMUEL GERARDO;PJ;0,7158;2;0,667;3;3;1;2;0
GENERAL BALLIVIAN;2007;21;212007;CORDOBA, SAMUEL GERARDO;PJ;0,6331;2;0,667;3;3;1;2;0
GENERAL BALLIVIAN;2011;21;212011;CORDOBA, SAMUEL GERARDO;PJ;0,6865;3;1;3;2;0,667;2;0
GENERAL BALLIVIAN;2015;21;212015;CORDOBA, SAMUEL GERARDO;PJ;0,6098;2;0,667;3;2;0,667;2;0
GENERAL BALLIVIAN;2019;21;212019;CORDOBA, SAMUEL GERARDO;PV;0,63;2;0,667;3;;;;0
GENERAL GUEMES;1987;22;221987;SALUM, OSVALDO RUBEN;PJ;;5;0,625;8;4;0,5;1;0
GENERAL GUEMES;1991;22;221991;CABANA, RUBEN ALBERTO;PJ;0,446;4;0,5;8;4;0,5;2;0
GENERAL GUEMES;1995;22;221995;CABANA, RUBEN ALBERTO;PJ;0,4778;5;0,556;9;7;0,778;0;0
GENERAL GUEMES;2003;22;222003;SEGURA GIMENEZ, DANIEL ALEJANDRO;FM;0,3087;5;0,556;9;3;0,333;2;0
GENERAL GUEMES;2007;22;222007;SEGURA GIMENEZ, DANIEL ALEJANDRO;FM;0,4247;5;0,556;9;4;0,444;2;0
GENERAL GUEMES;2011;22;222011;SEGURA GIMENEZ, DANIEL ALEJANDRO;PV;0,4694;3;0,333;9;4;0,444;0;0
GENERAL GUEMES;2015;22;222015;FERNANDE, LILIA ALEJANDRA;FRO;0,3697;1;0,111;9;3;0,333;1;0
GENERAL GUEMES;2019;22;222019;SALVATIERRA, SERGIO EZEQUIEL;SG;0,4025;5;0,556;9;;;;0
GENERAL MOSCONI;1987;23;231987;KARANIKOLA, INOCENCIO;PJ;;5;0,714;7;;;0;0
GENERAL MOSCONI;1991;23;231991;RUARTE, ISIDRO ELEUTERIO;PRS;0,4097;4;0,571;7;3;0,429;2;0
GENERAL MOSCONI;1995;23;231995;RUARTE, ISIDRO ELEUTERIO;PRS;;4;0,5;8;;;1;1
GENERAL MOSCONI;1999;23;231999;GARCIA, MIGUEL ANGEL;PJ;0,532;4;0,571;7;;;;1
GENERAL MOSCONI;2003;23;232003;RUARTE, ISIDRO ELEUTERIO;PRS;0,4626;4;0,571;7;3;0,429;2;0
GENERAL MOSCONI;2007;23;232007;RUARTE, ISIDRO ELEUTERIO;PRS;0,436;3;0,429;7;4;0,571;0;0
GENERAL MOSCONI;2011;23;232011;ALBARRACIN, HELIN JULIAN;WG;0,4509;4;0,571;7;1;0,143;0;0
GENERAL MOSCONI;2015;23;232015;RUARTE, ISIDRO ELEUTERIO;PRS;0,2553;4;0,571;7;3;0,429;2;0
GENERAL MOSCONI;2019;23;232019;RUARTE, ISIDRO ELEUTERIO;CET;0,426;6;0,667;9;;;;0
GENERAL PIZARRO;1987;24;241987;MASSANET, JUAN;PRS;;2;0,667;3;1;0,333;0;0
GENERAL PIZARRO;1991;24;241991;FERRO PODESTA, OSIRIS ALBERTO;PJ;0,7486;3;1;3;2;0,667;0;0
GENERAL PIZARRO;1995;24;241995;TALLO, RUBEN JORGE;PRS;0,6251;3;0,75;4;1;0,25;2;0
GENERAL PIZARRO;1999;24;241999;TALLO, RUBEN JORGE;PJ;0,6301;2;0,667;3;;;2;1
GENERAL PIZARRO;2003;24;242003;TALLO, MIGUEL ANGEL;UPS;0,6315;2;0,667;3;2;0,667;2;0
GENERAL PIZARRO;2007;24;242007;TALLO, MIGUEL ANGEL;PJ;0,7811;2;0,667;3;2;0,667;2;0
GENERAL PIZARRO;2011;24;242011;TALLO, MIGUEL ANGEL;PJ;0,7527;3;1;3;2;0,667;2;0
GENERAL PIZARRO;2015;24;242015;TALLO, MIGUEL ANGEL;PJ;0,7238;3;1;3;1;0,333;0;0
GENERAL PIZARRO;2019;24;242019;PEREZ, FRANCISCO ANTONIO;PJ;0,4515;2;0,667;3;;;;0
GUACHIPAS;1987;25;251987;TOLABA, IGNACIO;PJ;;3;0,75;4;;;0;0
GUACHIPAS;1991;25;251991;PARRA, EDUARDO OSCAR;PRS;0,4935;2;0,5;4;2;0,5;2;0
GUACHIPAS;1995;25;251995;PARRA, EDUARDO OSCAR;PRS;0,4925;2;0,5;4;2;0,5;0;0
GUACHIPAS;1999;25;251999;CARI, NESTOR ENRIQUE;PJ;0,6221;2;0,667;3;2;0,667;2;0
GUACHIPAS;2003;25;252003;CARI, NESTOR ENRIQUE;PJ;0,5116;2;0,667;3;2;0,667;2;0
GUACHIPAS;2007;25;252007;CARI, NESTOR ENRIQUE;PJ;0,5115;2;0,667;3;1;0,333;1;0
GUACHIPAS;2011;25;252011;PARRA RUIZ DE LOS LLANOS, NESTOR EDUARDO;PJ;0,5666;2;0,667;3;2;0,667;2;0
GUACHIPAS;2015;25;252015;PARRA RUIZ DE LOS LLANOS, NESTOR EDUARDO;PJ;0,6901;2;0,667;3;2;0,667;2;0
GUACHIPAS;2019;25;252019;PARRA RUIZ DE LOS LLANOS, NESTOR EDUARDO;PJ;0,6788;2;0,667;3;;;;0
HIPOLITO YRIGOYEN;1987;26;261987;SOTO, RUBEN VALERIO;PJ;;4;0,571;7;5;0,714;1;0
HIPOLITO YRIGOYEN;1991;26;261991;GONZALES, CARLOS;PJ;0,4839;4;0,571;7;5;0,714;2;0
HIPOLITO YRIGOYEN;1995;26;261995;GONZALES, CARLOS;PJ;0,5913;5;0,714;7;5;0,714;1;0
HIPOLITO YRIGOYEN;1999;26;261999;SOSA, NICANOR;PJ;0,7522;5;0,714;7;6;0,857;2;0
HIPOLITO YRIGOYEN;2003;26;262003;SOSA, NICANOR;PJ;0,7901;7;1;7;4;0,571;2;0
HIPOLITO YRIGOYEN;2007;26;262007;SOSA, NICANOR;PJ;0,4112;4;0,571;7;4;0,571;0;0
HIPOLITO YRIGOYEN;2011;26;262011;GONZALES, CARLOS;SST;0,4363;2;0,286;7;3;0,429;0;0
HIPOLITO YRIGOYEN;2015;26;262015;GALLARDO, JORGE ANTONIO;FS;0,3834;3;0,429;7;2;0,286;0;0
HIPOLITO YRIGOYEN;2019;26;262019;SOSA, ALFREDO;PAIS;0,3825;2;0,286;7;;;;0
IRUYA;1987;27;271987;HERRERA, SAMUEL NICOLAS;PJ;;3;0,75;4;;;1;0
IRUYA;1991;27;271991;VELAZQUEZ, MARCOS FILIMON;PJ;0,4893;2;0,5;4;2;0,5;1;0
IRUYA;1995;27;271995;ZAMBRANO, RICARDO;PJ;0,4952;2;0,5;4;4;1;1;0
IRUYA;1999;27;271999;LUNDA, HECTOR;PJ;0,7738;3;1;3;3;1;0;0
IRUYA;2003;27;272003;CANCHI, TEODOCIO DAVID;UPS;0,5043;2;0,667;3;2;0,667;2;0
IRUYA;2007;27;272007;CANCHI, TEODOCIO DAVID;MRP;0,4806;2;0,667;3;2;0,667;0;0
IRUYA;2011;27;272011;CRUZ, CANDIDO;PV;0,5026;2;0,667;3;1;0,333;0;0
IRUYA;2015;27;272015;SOTO, ALFREDO DANIEL;PJ;0,4721;1;0,333;3;1;0,333;0;0
IRUYA;2019;27;272019;HERRERA, EUGENIO;;0,4895;2;0,667;3;;;;0
ISLA DE CAÑAS;1987;28;281987;DIAZ, AMADO;PJ;;2;0,667;3;;;1;0
ISLA DE CAÑAS;1991;28;281991;POCLAVA ROBERTO;PJ;0,5533;2;0,667;3;2;0,667;2;0
ISLA DE CAÑAS;1995;28;281995;POCLAVA ROBERTO;PJ;0,6455;2;0,667;3;3;1;1;0
ISLA DE CAÑAS;1999;28;281999;DIAZ, BENANCIO;PJ;0,597;3;1;3;2;0,667;2;0
ISLA DE CAÑAS;2003;28;282003;DIAZ, ERMINDO FERMIN;UPS;0,5097;2;0,667;3;1;0,333;2;0
ISLA DE CAÑAS;2007;28;282007;CANCHI, ANGELINA LUCIA;MRP;0,4287;1;0,333;3;2;0,667;0;0
ISLA DE CAÑAS;2011;28;282011;QUISPE, RAFAEL;PV;0,4923;2;0,667;3;1;0,333;0;0
ISLA DE CAÑAS;2015;28;282015;CANCHI, ANGELINA LUCIA;PJ;0,3277;1;0,333;3;2;0,667;2;0
ISLA DE CAÑAS;2019;28;282019;CANCHI, JORGE;PJ;0,6251;2;0,667;3;;;;0
JOAQUIN V. GONZALEZ;1987;29;291987;KAIRUZ, PEDRO VICENTE;PJ;;4;0,571;7;5;0,714;1;0
JOAQUIN V. GONZALEZ;1991;29;291991;CARO, PASCUALA IRMA;PJ;0,5074;4;0,5;8;5;0,625;2;0
JOAQUIN V. GONZALEZ;1995;29;291995;CARO, PASCUALA IRMA;PJ;0,7176;6;0,75;8;7;0,875;2;0
JOAQUIN V. GONZALEZ;1999;29;291999;CARO, PASCUALA IRMA;PJ;0,8501;6;0,857;7;5;0,714;0;0
JOAQUIN V. GONZALEZ;2003;29;292003;ORELLANA, FRANCISCO GERARDO;UPS;0,503;4;0,571;7;3;0,429;2;0
JOAQUIN V. GONZALEZ;2007;29;292007;ORELLANA, FRANCISCO GERARDO;FPV;0,5292;4;0,571;7;4;0,571;0;0
JOAQUIN V. GONZALEZ;2011;29;292011;AGUIRRE, JUAN DOMINGO;PJ;0,4824;4;0,571;7;4;0,571;1;0
JOAQUIN V. GONZALEZ;2015;29;292015;CORDOBA, CESAR JOAQUIN;PJ;0,5168;;0;7;4;0,571;1;0
JOAQUIN V. GONZALEZ;2019;29;292019;AGUIRRE, JUAN DOMINGO;PJ;0,4047;4;0,571;7;;;;0
LA CALDERA;1987;30;301987;MOGRO, BARTOLO TEODORO;PJ;;2;0,667;3;2;0,667;1;0
LA CALDERA;1991;30;301991;QUIPILDOR, HORACIO MARTIN;PJ;0,5212;2;0,667;3;2;0,667;2;0
LA CALDERA;1995;30;301995;QUIPILDOR, HORACIO MARTIN;PJ;0,6218;2;0,667;3;3;1;1;0
LA CALDERA;1999;30;301999;CALABRO, HECTOR MIGUEL;PJ;0,8819;3;1;3;3;1;2;0
LA CALDERA;2003;30;302003;CALABRO, HECTOR MIGUEL;PJ;0,7181;3;1;3;2;0,667;2;0
LA CALDERA;2007;30;302007;CALABRO, HECTOR MIGUEL;PJ;0,5892;2;0,667;3;2;0,667;1;0
LA CALDERA;2011;30;302011;MENDAÑA, LUIS GERARDO;PJ;0,5977;2;0,667;3;1;0,333;1;0
LA CALDERA;2015;30;302015;ESCALERA, DANIEL ALEJANDRO;PJ;0,421;1;0,333;3;1;0,333;0;0
LA CALDERA;2019;30;302019;SUMBAY, DIEGO RAMIRO;MCPLC;0,4468;1;0,333;3;;;;0
LA CANDELARIA;1987;31;311987;AGUILERA DE CORBALAN, GLADYS ADELMA;PJ;;1;0,333;3;;;2;0
LA CANDELARIA;1991;31;311991;AGUILERA DE CORBALAN, GLADYS ADELMA;PJ;0,4693;2;0,667;3;1;0,333;2;0
LA CANDELARIA;1995;31;311995;AGUILERA, ERNESTO JUAN;PRS;0,5315;0;0;3;2;0,667;2;0
LA CANDELARIA;1999;31;311999;AGUILERA, ERNESTO JUAN;PRS;0,6051;2;0,667;3;1;0,333;2;0
LA CANDELARIA;2003;31;312003;AGUILERA, ERNESTO JUAN;PRS;0,4571;1;0,333;3;1;0,333;0;0
LA CANDELARIA;2007;31;312007;ROMANO, JULIO MARCELO;UCR;0,3208;1;0,333;3;2;0,667;2;0
LA CANDELARIA;2011;31;312011;ROMANO, JULIO MARCELO;UCR;0,6766;2;0,667;3;2;0,667;0;0
LA CANDELARIA;2015;31;312015;LOPEZ, CARLOS FABIAN;FRO;0,8482;2;0,667;3;2;0,667;2;0
LA CANDELARIA;2019;31;312019;LOPEZ, CARLOS FABIAN;SG;0,8173;2;0,667;3;;;;0
LA MERCED;1987;32;321987;CARO, ROBERTO FRANCISCO;PJ;;3;0,5;6;;;1;0
LA MERCED;1991;32;321991;PEREZ, JUAN ANGEL;PJ;0,48;3;0,5;6;4;0,667;2;0
LA MERCED;1995;32;321995;PEREZ, JUAN ANGEL;PJ;0,5948;4;0,667;6;4;0,667;2;0
LA MERCED;1999;32;321999;PEREZ, JUAN ANGEL;PJ;0,8118;4;0,8;5;3;0,6;2;0
LA MERCED;2003;32;322003;PEREZ, JUAN ANGEL;PJ;0,5029;3;0,6;5;2;0,4;2;0
LA MERCED;2007;32;322007;PEREZ, JUAN ANGEL;PJ;0,5161;3;0,6;5;3;0,6;2;0
LA MERCED;2011;32;322011;PEREZ, JUAN ANGEL;PJ;0,4238;2;0,4;5;2;0,4;2;0
LA MERCED;2015;32;322015;PEREZ, JUAN ANGEL;PJ;0,4611;4;0,571;7;3;0,429;0;0
LA MERCED;2019;32;322019;WAYAR, JAVIER RAFAEL;FE;0,5688;3;0,429;7;;;;0
LA POMA;1987;33;331987;ESPINOSA, SALUSTIANO CRISOSTOMO;PJ;;2;0,667;3;;;1;0
LA POMA;1991;33;331991;SALVA, TELMO;PJ;0,5218;2;0,667;3;2;0,667;1;0
LA POMA;1995;33;331995;GONZALEZ, JOSE RICARDO;PJ;0,7958;3;1;3;3;1;1;0
LA POMA;1999;33;331999;ESPINOSA, SALUSTIANO CRISOSTOMO;PJ;0,9083;3;1;3;3;1;1;0
LA POMA;2003;33;332003;CHOQUE, ABRAHAM DAVID;PJ;0,4942;2;0,667;3;2;0,667;2;0
LA POMA;2007;33;332007;CHOQUE, ABRAHAM DAVID;PJ;0,5679;2;0,667;3;2;0,667;2;0
LA POMA;2011;33;332011;CHOQUE, ABRAHAM DAVID;PJ;0,4929;2;0,667;3;1;0,333;0;0
LA POMA;2015;33;332015;MAMANI, JUAN EDGARDO;PV;0,5751;2;0,667;3;2;0,667;2;0
LA POMA;2019;33;332019;MAMANI, JUAN EDGARDO;PV;0,5214;1;0,333;3;;;;0
LA VIÑA;1987;34;341987;NUÑEZ, PEDRO;PJ;;2;0,5;4;;;1;0
LA VIÑA;1991;34;341991;TORRES, DANTE OMAR;PJ;0,5963;3;0,75;4;2;0,5;2;0
LA VIÑA;1995;34;341995;TORRES, DANTE OMAR;PJ;0,6449;3;0,75;4;3;0,75;2;0
LA VIÑA;1999;34;341999;TORRES, DANTE OMAR;PJ;0,5986;2;0,667;3;2;0,667;2;0
LA VIÑA;2003;34;342003;TORRES, DANTE OMAR;PJ;0,4943;1;0,333;3;2;0,667;2;0
LA VIÑA;2007;34;342007;TORRES, DANTE OMAR;PJ;0,3193;1;0,333;3;2;0,667;0;0
LA VIÑA;2011;34;342011;ARAMAYO, MARIO EDUARDO;PRS;0,4953;2;0,667;3;1;0,333;2;0
LA VIÑA;2015;34;342015;ARAMAYO, MARIO EDUARDO;PV;0,2997;2;0,667;3;1;0,333;0;0
LA VIÑA;2019;34;342019;SANCHEZ, ALBA ELIZABETH DEL CARMEN;PAIS;0,3681;1;0,333;3;;;;0
LAS LAJITAS;1987;35;351987;SOMOZA DE SAKRAM, AMALIA INES;PJ;;4;0,667;6;3;0,5;0;0
LAS LAJITAS;1991;35;351991;LAZCANO, JULIO EDUARDO;PRS;0,4859;3;0,5;6;3;0,5;0;0
LAS LAJITAS;1995;35;351995;FERMANI, ALBERTO ANTONIO;PJ;0,5312;3;0,5;6;3;0,5;2;0
LAS LAJITAS;1999;35;351999;FERMANI, ALBERTO ANTONIO;PJ;0,6586;3;0,6;5;4;0,8;2;0
LAS LAJITAS;2003;35;352003;FERMANI, ALBERTO ANTONIO;PJ;0,4799;3;0,6;5;2;0,4;2;0
LAS LAJITAS;2007;35;352007;FERMANI, ALBERTO ANTONIO;PJ;0,4964;3;0,6;5;3;0,6;2;0
LAS LAJITAS;2011;35;352011;FERMANI, ALBERTO ANTONIO;PJ;0,5856;4;0,8;5;2;0,4;2;0
LAS LAJITAS;2015;35;352015;FERMANI, ALBERTO ANTONIO;PJ;0,4048;3;0,6;5;2;0,286;0;0
LAS LAJITAS;2019;35;352019;ALABI, FERNANDO DANIEL;SG;0,5022;3;0,429;7;;;;0
LOS TOLDOS;1987;36;361987;LAVAQUE, MARIANO ROBERTO;PJ;;2;0,667;3;;;1;0
LOS TOLDOS;1991;36;361991;RUIZ, CRUZ;PJ;0,5872;2;0,667;3;2;0,667;1;0
LOS TOLDOS;1995;36;361995;RAMIREZ, JOSE LUIS;PJ;0,7589;2;0,667;3;3;1;2;0
LOS TOLDOS;1999;36;361999;RAMIREZ, JOSE LUIS;PJ;0,987;3;1;3;3;1;1;0
LOS TOLDOS;2003;36;362003;YDIARTE, ELEUDORO;PJ;0,7027;3;1;3;2;0,667;2;0
LOS TOLDOS;2007;36;362007;YDIARTE, ELEUDORO;PJ;0,5301;2;0,667;3;2;0,667;2;0
LOS TOLDOS;2011;36;362011;YDIARTE, ELEUDORO;PJ;0,4929;2;0,667;3;2;0,667;0;0
LOS TOLDOS;2015;36;362015;MENDOA, VIRGILIO ZOILO;PV;0,5145;2;0,667;3;2;0,667;2;0
LOS TOLDOS;2019;36;362019;MENDOA, VIRGILIO ZOILO;PV;0,5536;2;0,667;3;;;;0
MOLINOS;1987;37;371987;CARDOZO,DARDO SIMON;PJ;;2;0,5;4;;;1;0
MOLINOS;1991;37;371991;ZENTENO, SERGIO RAMON;PJ;0,4659;2;0,5;4;3;0,75;2;0
MOLINOS;1995;37;371995;ZENTENO, SERGIO RAMON;PJ;0,6243;3;0,75;4;4;1;1;0
MOLINOS;1999;37;371999;FABIAN, FERNANDO ROBERTO;PJ;0,9417;3;1;3;3;1;1;0
MOLINOS;2003;37;372003;CHOCOBAR, WALTER ROMULO;PJ;0,6092;2;0,667;3;2;0,667;2;0
MOLINOS;2007;37;372007;CHOCOBAR, WALTER ROMULO;PJ;0,5431;2;0,667;3;2;0,667;2;0
MOLINOS;2011;37;372011;CHOCOBAR, WALTER ROMULO;PJ;0,384;2;0,667;3;2;0,667;2;0
MOLINOS;2015;37;372015;CHOCOBAR, WALTER ROMULO;PJ;0,4351;2;0,667;3;2;0,667;2;0
MOLINOS;2019;37;372019;CHOCOBAR, WALTER ROMULO;PJ;0,4234;2;0,667;3;;;;0
NAZARENO;1987;38;381987;DOMINGUEZ, NICANOR;PJ;;3;1;3;;;1;0
NAZARENO;1991;38;381991;YUGRA, ESTEBAN;PJ;0,793;3;1;3;3;1;2;0
NAZARENO;1995;38;381995;YUGRA, ESTEBAN;PJ;0,8027;4;1;4;4;1;1;0
NAZARENO;1999;38;381999;CHAUQUE, MANUEL;PJ;0,9624;3;1;3;3;1;2;0
NAZARENO;2003;38;382003;CHAUQUE, MANUEL;PJ;0,5495;2;0,667;3;2;0,667;0;0
NAZARENO;2007;38;382007;QUIQUINTE, JULIAN;MRP;0,4515;2;0,667;3;2;0,667;2;0
NAZARENO;2011;38;382011;QUIQUINTE, JULIAN;PJ;0,4271;2;0,667;3;2;0,667;0;0
NAZARENO;2015;38;382015;YUGRA, JOSE RUBEN;PV;0,519;2;0,667;3;2;0,667;2;0
NAZARENO;2019;38;382019;YUGRA, JOSE RUBEN;PV;0,6269;2;0,667;3;;;;0
PAYOGASTA;1987;39;391987;CRUZ, FERMIN LORENZO;PJ;;2;0,667;3;;;2;0
PAYOGASTA;1991;39;391991;CRUZ, FERMIN LORENZO;PJ;0,4894;2;0,667;3;2;0,667;2;0
PAYOGASTA;1995;39;391995;CRUZ, FERMIN LORENZO;PJ;0,5271;2;0,667;3;2;0,667;1;0
PAYOGASTA;1999;39;391999;LEGORBURO, HECTOR ALEJANDRO;PJ;0,9403;3;1;3;3;1;2;0
PAYOGASTA;2003;39;392003;LEGORBURO, HECTOR ALEJANDRO;PJ;0,5096;2;0,667;3;2;0,667;2;0
PAYOGASTA;2007;39;392007;LEGORBURO, HECTOR ALEJANDRO;PJ;0,5146;2;0,667;3;3;1;1;0
PAYOGASTA;2011;39;392011;SALVA, GLADYS ROSALIA;PJ;0,5299;2;0,667;3;1;0,333;0;0
PAYOGASTA;2015;39;392015;ARAPA, LUCAS DAVID;FRO;0,5552;2;0,667;3;2;0,667;2;0
PAYOGASTA;2019;39;392019;ARAPA, LUCAS DAVID;MLS;0,5421;2;0,667;3;;;;0
PICHANAL;1987;40;401987;MONTEROS, ISMAEL RAMON;PJ;;4;0,667;6;;;1;0
PICHANAL;1991;40;401991;DEL ZOTTO, OSCAR HUGO;PJ;0,6227;4;0,667;6;6;1;1;0
PICHANAL;1995;40;401995;RALLE, ABRAHAM NICOLAS;PJ;0,6279;5;0,714;7;5;0,714;2;0
PICHANAL;1999;40;401999;RALLE, ABRAHAM NICOLAS;PJ;0,5033;4;0,571;7;4;0,571;0;0
PICHANAL;2003;40;402003;JALIT, JULIO ANTONIO;UPS;0,4982;5;0,556;9;6;0,667;2;0
PICHANAL;2007;40;402007;JALIT, JULIO ANTONIO;PJ;0,5151;6;0,667;9;6;0,667;2;0
PICHANAL;2011;40;402011;JALIT, JULIO ANTONIO;PJ;0,5217;4;0,444;9;5;0,556;2;0
PICHANAL;2015;40;402015;JALIT, JULIO ANTONIO;MPU;0,4907;5;0,556;9;3;0,333;0;0
PICHANAL;2019;40;402019;DOMINGUEZ, SEBASTIAN JOSE;SG;0,4254;5;0,556;9;;;;0
PROF. SALVADOR MAZZA;1987;41;411987;TORRES, MARCELO FIDEL;PJ;;4;0,667;6;;;1;0
PROF. SALVADOR MAZZA;1991;41;411991;IBAÑEZ, FRANCISCO;PJ;0,4048;3;0,5;6;3;0,5;2;0
PROF. SALVADOR MAZZA;1995;41;411995;IBAÑEZ, FRANCISCO;PJ;0,6149;5;0,714;7;4;0,571;2;0
PROF. SALVADOR MAZZA;1999;41;411999;IBAÑEZ, FRANCISCO;PJ;0,5193;4;0,571;7;5;0,714;2;0
PROF. SALVADOR MAZZA;2003;41;412003;IBAÑEZ, FRANCISCO;PJ;0,4106;3;0,429;7;3;0,429;0;0
PROF. SALVADOR MAZZA;2007;41;412007;VILLALBA, CARLOS;PRS;0,4225;3;0,429;7;3;0,429;2;0
PROF. SALVADOR MAZZA;2011;41;412011;VILLALBA, CARLOS;PRS;0,3974;2;0,286;7;;;1;1
PROF. SALVADOR MAZZA;2013;41;412013;MENDEZ SALAZAR, RUBEN;PV;0,429;2;0,286;7;3;0,429;2;0
PROF. SALVADOR MAZZA;2015;41;412015;MENDEZ SALAZAR, RUBEN;PV;0,5499;5;0,714;7;5;0,714;2;0
PROF. SALVADOR MAZZA;2019;41;412019;MENDEZ SALAZAR, RUBEN;PV;0,3449;5;0,714;7;;;;0
RIO PIEDRAS;1987;42;421987;MADRAZO, NESTOR ROQUE;PJ;;1;0,333;3;2;0,667;0;0
RIO PIEDRAS;1991;42;421991;CARDOZO, CARLOS ROBUSTIANO;UCR;0,4212;2;0,667;3;2;0,667;2;0
RIO PIEDRAS;1995;42;421995;CARDOZO, CARLOS ROBUSTIANO;UCR;0,3656;1;0,333;3;1;0,333;0;0
RIO PIEDRAS;1999;42;421999;AGUIRRE, MARCOS OSVALDO;PJ;0,517;2;0,667;3;2;0,667;0;0
RIO PIEDRAS;2003;42;422003;CARDOZO, CARLOS ROBUSTIANO;UCR;0,5533;1;0,333;3;2;0,667;0;0
RIO PIEDRAS;2007;42;422007;DANTUR, GUSTAVO BERNARDO;PJ;0,4574;1;0,333;3;2;0,667;2;0
RIO PIEDRAS;2011;42;422011;DANTUR, GUSTAVO BERNARDO;PJ;0,7958;3;1;3;3;1;2;0
RIO PIEDRAS;2015;42;422015;DANTUR, GUSTAVO BERNARDO;PJ;0,8729;2;0,667;3;3;1;2;0
RIO PIEDRAS;2019;42;422019;DANTUR, GUSTAVO BERNARDO;PV;0,8723;2;0,667;3;;;;0
RIVADAVIA BANDA NORTE;1987;43;431987;PORTILLO, HERMEREGILDO;PJ;;3;0,5;6;4;0,667;2;0
RIVADAVIA BANDA NORTE;1991;43;431991;LAPAD, MASHUR;PJ;0,5901;4;0,667;6;3;0,5;2;0
RIVADAVIA BANDA NORTE;1995;43;431995;GERALA, ATTA MIGUEL;PJ;0,5816;4;0,667;6;4;0,667;2;0
RIVADAVIA BANDA NORTE;1999;43;431999;GERALA, ATTA MIGUEL;PJ;0,6962;4;0,8;5;4;0,8;2;0
RIVADAVIA BANDA NORTE;2003;43;432003;GERALA, ATTA MIGUEL;PJ;0,5202;3;0,6;5;3;0,6;2;0
RIVADAVIA BANDA NORTE;2007;43;432007;GERALA, ATTA MIGUEL;PJ;0,5026;2;0,4;5;3;0,6;2;0
RIVADAVIA BANDA NORTE;2011;43;432011;CARABAJAL, MARCELA;PJ;0,5021;2;0,4;5;3;0,6;2;0
RIVADAVIA BANDA NORTE;2015;43;432015;GERALA, ATTA MIGUEL;PJ;0,4976;4;0,571;7;5;0,714;2;0
RIVADAVIA BANDA NORTE;2019;43;432019;GERALA, ATTA MIGUEL;PJ;0,4663;4;0,571;7;;;;0
RIVADAVIA BANDA SUR;1987;44;441987;MARTINEZ, JULIAN RAYMUNDO;PJ;;3;0,5;6;5;0,833;1;0
RIVADAVIA BANDA SUR;1991;44;441991;AGUILAR, MARIANO;PJ;0,5991;4;0,667;6;4;0,667;1;0
RIVADAVIA BANDA SUR;1995;44;441995;JUAREZ, DOMINGO FAUSTINO;PJ;0,5859;4;0,667;6;5;0,833;2;0
RIVADAVIA BANDA SUR;1999;44;441999;JUAREZ, DOMINGO FAUSTINO;PJ;0,7701;4;0,8;5;5;1;1;0
RIVADAVIA BANDA SUR;2003;44;442003;CUENCA, LEOPOLDO;PJ;0,5654;3;0,6;5;3;0,6;2;0
RIVADAVIA BANDA SUR;2007;44;442007;CUENCA, LEOPOLDO;PJ;0,4734;3;0,6;5;3;0,6;2;0
RIVADAVIA BANDA SUR;2011;44;442011;CUENCA, LEOPOLDO;PJ;0,5311;2;0,4;5;2;0,4;2;0
RIVADAVIA BANDA SUR;2015;44;442015;CUENCA, LEOPOLDO;PJ;0,5214;3;0,6;5;3;0,6;2;0
RIVADAVIA BANDA SUR;2019;44;442019;CUENCA, LEOPOLDO;PJ;0,4748;3;0,6;5;;;;0
ROSARIO DE LA FRONTERA;1987;45;451987;CORREA, EDUARDO BELISARIO;PJ;;5;0,625;8;;;1;0
ROSARIO DE LA FRONTERA;1991;45;451991;IRIARTE, JOSE ROBERTO;PJ;0,5315;3;0,375;8;2;0,25;1;0
ROSARIO DE LA FRONTERA;1995;45;451995;GOMEZ, ROMULA DINA;PJ;0,3814;4;0,444;9;6;0,667;1;0
ROSARIO DE LA FRONTERA;1999;45;451999;CARO, JULIO ALBERTO;PJ;0,5771;5;0,556;9;5;0,556;1;0
ROSARIO DE LA FRONTERA;2003;45;452003;MORALES, ANGEL ERNESTO;PJ;0,5021;5;0,556;9;5;0,556;1;0
ROSARIO DE LA FRONTERA;2007;45;452007;GOMEZ, ROMULA DINA;PJ;0,4007;4;0,444;9;5;0,556;2;0
ROSARIO DE LA FRONTERA;2011;45;452011;GOMEZ, ROMULA DINA;PJ;0,3734;4;0,444;9;4;0,444;1;0
ROSARIO DE LA FRONTERA;2015;45;452015;SOLIS MONICO, GUSTAVO;FRO;0,329;5;0,556;9;5;0,556;2;0
ROSARIO DE LA FRONTERA;2019;45;452019;SOLIS MONICO, GUSTAVO;PJ;0,5439;5;0,556;9;;;;0
ROSARIO DE LERMA;1987;46;461987;DOMINGUEZ, LUCIO ANDRES;PJ;;3;0,429;7;;;1;0
ROSARIO DE LERMA;1991;46;461991;GUTIERREZ, JUAN FRANCISCO;PJ;0,4103;3;0,429;7;4;0,571;1;0
ROSARIO DE LERMA;1995;46;461995;RAMOS, SERGIO OMAR;PJ;0,5911;5;0,625;8;7;0,875;2;0
ROSARIO DE LERMA;1999;46;461999;RAMOS, SERGIO OMAR;PJ;0,7675;5;0,714;7;5;0,714;2;0
ROSARIO DE LERMA;2003;46;462003;RAMOS, SERGIO OMAR;PJ;0,4834;5;0,556;9;4;0,444;2;0
ROSARIO DE LERMA;2007;46;462007;RAMOS, SERGIO OMAR;PJ;0,3922;4;0,444;9;4;0,444;2;0
ROSARIO DE LERMA;2011;46;462011;RAMOS, SERGIO OMAR;PJ;0,4673;3;0,333;9;3;0,333;0;0
ROSARIO DE LERMA;2015;46;462015;JARSUN LAMONACA, JORGE IGNACIO;FRO;0,5228;5;0,556;9;5;0,556;0;0
ROSARIO DE LERMA;2019;46;462019;MARTINEZ MEDINA, ENRIQUE NICOLAS;PV;0,5413;5;0,556;9;;;;0
S. ANTONIO DE LOS COBRES;1991;47;471991;SARAPURA, COSME DAMIAN;PJ;0,6272;3;0,75;4;3;0,75;2;0
S. ANTONIO DE LOS COBRES;1995;47;471995;SARAPURA, COSME DAMIAN;PJ;0,5563;2;0,5;4;2;0,5;1;0
S. ANTONIO DE LOS COBRES;1999;47;471999;VIVEROS, GUZMAN;PJ;0,6173;2;0,667;3;3;1;2;0
S. ANTONIO DE LOS COBRES;2003;47;472003;VIVEROS, GUZMAN;PJ;0,5406;2;0,4;5;3;0,6;2;0
S. ANTONIO DE LOS COBRES;2007;47;472007;VIVEROS, GUZMAN;PJ;0,5764;3;0,6;5;3;0,6;1;0
S. ANTONIO DE LOS COBRES;2011;47;472011;SALVA, LEOPOLDO ARSENIO;PJ;0,6261;3;0,6;5;3;0,6;2;0
S. ANTONIO DE LOS COBRES;2015;47;472015;SALVA, LEOPOLDO ARSENIO;PJ;0,52;3;0,6;5;4;0,8;1;0
S. ANTONIO DE LOS COBRES;2019;47;472019;CABRAL, ALBERTO CANDELARIO;PJ;0,4338;3;0,6;5;;;;0
S. RAMON DE LA NUEVA ORAN;1987;48;481987;BARBERA, ELISEO;PJ;;5;0,556;9;5;0,556;0;0
S. RAMON DE LA NUEVA ORAN;1991;48;481991;CAVALLI, JUAN MARCIANO;PRS;0,4354;5;0,556;9;5;0,556;0;0
S. RAMON DE LA NUEVA ORAN;1995;48;481995;BARBERA, ELISEO;PJ;0,4355;6;0,462;13;7;0,538;2;0
S. RAMON DE LA NUEVA ORAN;1999;48;481999;BARBERA, ELISEO;PJ;0,5948;7;0,636;11;9;0,818;2;0
S. RAMON DE LA NUEVA ORAN;2003;48;482003;BARBERA, ELISEO;PJ;0,4679;6;0,545;11;5;0,455;0;0
S. RAMON DE LA NUEVA ORAN;2007;48;482007;LARA GROS, GUILLERMO MARCELO;PRS;0,5092;5;0,455;11;6;0,545;2;0
S. RAMON DE LA NUEVA ORAN;2011;48;482011;LARA GROS, GUILLERMO MARCELO;PRS;0,4913;5;0,455;11;4;0,364;2;0
S. RAMON DE LA NUEVA ORAN;2015;48;482015;LARA GROS, GUILLERMO MARCELO;PJ;0,4803;6;0,545;11;5;0,455;0;0
S. RAMON DE LA NUEVA ORAN;2019;48;482019;GONZALEZ, PABLO DAMIAN;SG;0,517;5;0,455;11;;;;0
SALTA;1987;49;491987;ALDERETE, JAVIER ALBERTO;PJ;;9;0,474;19;7;0,368;0;0
SALTA;1991;49;491991;MONTOYA, VICTOR ABELARDO;PRS;0,5951;13;0,684;19;8;0,421;0;0
SALTA;1995;49;491995;VILLAMAYOR, JUAN CARLOS;PJ;;10;0,476;21;;;1;1
SALTA;1999;49;491999;TANONI, ENRIQUE;PJ;0,5043;10;0,526;19;;;1;1
SALTA;2003;49;492003;ISA, MIGUEL ANGEL;PJ;0,3866;12;0,571;21;8;0,381;2;0
SALTA;2007;49;492007;ISA, MIGUEL ANGEL;PJ;0,4179;14;0,667;21;8;0,381;2;0
SALTA;2011;49;492011;ISA, MIGUEL ANGEL;PJ;0,4897;14;0,667;21;6;0,286;2;0
SALTA;2015;49;492015;SAENZ, MIGUEL;PJ;0,411;13;0,619;21;12;0,571;1;0
SALTA;2019;49;492019;ROMERO, BETTINA INES;PRO;0,526;15;0,714;21;;;;0
SAN CARLOS;1987;50;501987;CARDOZO, NESTOR FIDEL;PJ;;2;0,5;4;;;2;0
SAN CARLOS;1991;50;501991;CARDOZO, NESTOR FIDEL;PJ;0,5648;3;0,75;4;3;0,75;2;0
SAN CARLOS;1995;50;501995;CARDOZO, NESTOR FIDEL;PJ;0,7182;3;0,75;4;3;0,75;2;0
SAN CARLOS;1999;50;501999;CARDOZO, NESTOR FIDEL;PJ;0,5336;2;0,667;3;2;0,667;2;0
SAN CARLOS;2003;50;502003;AQUINO, JOSE ALBERTO;PJ;0,5816;2;0,667;3;2;0,667;0;0
SAN CARLOS;2007;50;502007;VASQUEZ GARECA, ROBERTO ELEUTERIO;PV;0,4273;2;0,667;3;2;0,667;2;0
SAN CARLOS;2011;50;502011;VASQUEZ GARECA, ROBERTO ELEUTERIO;PV;0,567;2;0,667;3;2;0,667;2;0
SAN CARLOS;2015;50;502015;VASQUEZ GARECA, ROBERTO ELEUTERIO;PV;0,5102;2;0,667;3;2;0,667;0;0
SAN CARLOS;2019;50;502019;VARGAS, HECTOR RAUL;PJ;0,3675;1;0,333;3;;;;0
SAN JOSE DE METAN;1987;51;511987;HATTI, JOSE ROBERTO;PJ;;4;0,444;9;3;0,333;0;0
SAN JOSE DE METAN;1991;51;511991;GRAMAGLIA, GUSTAVO ROBERTO;PRS;0,4742;5;0,556;9;4;0,444;2;0
SAN JOSE DE METAN;1995;51;511995;GRAMAGLIA, GUSTAVO ROBERTO;PRS;0,6043;5;0,556;9;5;0,556;2;0
SAN JOSE DE METAN;1999;51;511999;GRAMAGLIA, GUSTAVO ROBERTO;PRS;0,5481;5;0,556;9;2;0,222;2;0
SAN JOSE DE METAN;2003;51;512003;GRAMAGLIA, GUSTAVO ROBERTO;PRS;0,5388;5;0,556;9;5;0,556;2;0
SAN JOSE DE METAN;2007;51;512007;GRAMAGLIA, GUSTAVO ROBERTO;PRS;0,5228;6;0,667;9;5;0,556;1;0
SAN JOSE DE METAN;2011;51;512011;ROMERI, LUIS FERNANDO;PRS;0,5478;4;0,444;9;3;0,333;2;0
SAN JOSE DE METAN;2015;51;512015;ROMERI, LUIS FERNANDO;PRS;0,4745;5;0,556;9;5;0,556;0;0
SAN JOSE DE METAN;2019;51;512019;ISSA MARTIN, LUIS JOSE MARIA;PV;0,5439;4;0,444;9;;;;0
SAN LORENZO;1987;52;521987;CAPISANO, CARLOS JOSE;PJ;;2;0,5;4;;;1;0
SAN LORENZO;1991;52;521991;MAMANI, PRUDENCIO AGUSTIN;PJ;0,586;3;0,75;4;2;0,5;2;0
SAN LORENZO;1995;52;521995;MAMANI, PRUDENCIO AGUSTIN;PJ;0,519;2;0,5;4;2;0,5;2;0
SAN LORENZO;1999;52;521999;MAMANI, PRUDENCIO AGUSTIN;PJ;0,5663;2;0,667;3;2;0,667;0;0
SAN LORENZO;2003;52;522003;GONZA, ERNESTO FERNANDO;PRS;0,438;2;0,4;5;3;0,6;2;0
SAN LORENZO;2007;52;522007;GONZA, ERNESTO FERNANDO;PPS;0,4868;3;0,6;5;3;0,6;0;0
SAN LORENZO;2011;52;522011;PARRA RUIZ DE LOS LLANOS, HECTOR FEDERICO;PJ;0,4197;1;0,143;7;2;0,286;0;0
SAN LORENZO;2015;52;522015;GONZA, ERNESTO FERNANDO;FRO;0,3609;4;0,571;7;3;0,429;0;0
SAN LORENZO;2019;52;522019;SARAVIA ARIAS, JOSE MANUEL;SG;0,4241;5;0,714;7;;;;0
SANTA VICTORIA ESTE;1987;53;531987;ARCE, BERNARDINO RAFAEL;PJ;;3;0,5;6;;;1;0
SANTA VICTORIA ESTE;1991;53;531991;CERRANO, MIRTA ESTELA;PJ;0,4955;4;0,667;6;4;0,667;1;0
SANTA VICTORIA ESTE;1995;53;531995;BRUNO, JUAN CARLOS;PJ;0,6034;4;0,667;6;6;1;2;0
SANTA VICTORIA ESTE;1999;53;531999;BRUNO, JUAN CARLOS;PJ;0,9673;5;1;5;5;1;2;0
SANTA VICTORIA ESTE;2003;53;532003;BRUNO, JUAN CARLOS;UPS;0,4892;3;0,6;5;1;0,2;0;0
SANTA VICTORIA ESTE;2007;53;532007;BALDERRAMA, MOISES JUSTINIANO;PJ;0,3472;3;0,6;5;3;0,6;2;0
SANTA VICTORIA ESTE;2011;53;532011;BALDERRAMA, MOISES JUSTINIANO;PJ;0,5597;3;0,6;5;3;0,6;2;0
SANTA VICTORIA ESTE;2015;53;532015;BALDERRAMA, MOISES JUSTINIANO;PJ;0,4503;4;0,571;7;3;0,429;0;0
SANTA VICTORIA ESTE;2019;53;532019;NERON, ROGELIO;CET;0,4549;3;0,429;7;;;;0
SANTA VICTORIA OESTE;1987;54;541987;ONTIVEROS, ALCIDES LEOPOLDO;PJ;;4;1;4;3;0,75;2;0
SANTA VICTORIA OESTE;1991;54;541991;ONTIVEROS, ALCIDES LEOPOLDO;PJ;0,7049;4;1;4;4;1;2;0
SANTA VICTORIA OESTE;1995;54;541995;ONTIVEROS, ALCIDES LEOPOLDO;PJ;0,7751;5;0,833;6;5;0,833;2;0
SANTA VICTORIA OESTE;1999;54;541999;ONTIVEROS, ALCIDES LEOPOLDO;PJ;0,9068;5;1;5;4;0,8;0;0
SANTA VICTORIA OESTE;2003;54;542003;PELOC, FAUSTINO;UPS;0,5601;3;0,6;5;3;0,6;0;0
SANTA VICTORIA OESTE;2007;54;542007;YANQUE, CASTULO;PJ;0,4785;3;0,6;5;3;0,6;2;0
SANTA VICTORIA OESTE;2011;54;542011;YANQUE, CASTULO;PJ;0,4309;2;0,4;5;3;0,6;1;0
SANTA VICTORIA OESTE;2015;54;542015;FLORES, LINO ANDRES;PJ;0,5329;3;0,6;5;3;0,6;1;0
SANTA VICTORIA OESTE;2019;54;542019;QUISPE, VICTOR SANTOS;PJ;0,5475;3;0,6;5;;;;0
SECLANTAS;1987;55;551987;MAYTA, JUAN FRANCISCO;PJ;;2;0,5;4;;;1;0
SECLANTAS;1991;55;551991;ABAN, GLORIA DEL SOCORRO;PJ;0,5232;3;0,75;4;3;0,75;1;0
SECLANTAS;1995;55;551995;ACUÑA, MARIA ROSA;PJ;0,5733;3;0,75;4;4;1;1;0
SECLANTAS;1999;55;551999;ABAN, WALTER JOAQUIN;PJ;0,969;3;1;3;3;1;2;0
SECLANTAS;2003;55;552003;ABAN, WALTER JOAQUIN;PJ;0,5506;2;0,667;3;2;0,667;2;0
SECLANTAS;2007;55;552007;ABAN, WALTER JOAQUIN;PJ;0,6973;3;1;3;2;0,667;2;0
SECLANTAS;2011;55;552011;ABAN, WALTER JOAQUIN;PJ;0,486;2;0,667;3;2;0,667;2;0
SECLANTAS;2015;55;552015;ABAN, WALTER JOAQUIN;PJ;0,5403;2;0,667;3;2;0,667;2;0
SECLANTAS;2019;55;552019;ABAN, MAURICIO GERARDO;PJ;0,8306;3;1;3;;;;0
TARTAGAL;1987;56;561987;ABRAHAM, ALBERTO;PJ;;5;0,556;9;;;1;0
TARTAGAL;1991;56;561991;TARRES, JOSE MARIA;PJ;;5;0,556;9;;;1;1
TARTAGAL;1995;56;561995;ABRAHAM, ALBERTO;PJ;;5;0,556;9;;;1;1
TARTAGAL;1999;56;561999;ANGEL, MARIO OSCAR;PJ;0,4992;5;0,556;9;;;0;1
TARTAGAL;2003;56;562003;VALENZUELA, DARIO;PRS;0,3372;5;0,455;11;3;0,273;0;0
TARTAGAL;2007;56;562007;LEAVY, SERGIO NAPOLEON;PV;0,2906;7;0,636;11;4;0,364;2;0
TARTAGAL;2011;56;562011;LEAVY, SERGIO NAPOLEON;PV;0,4016;7;0,636;11;4;0,364;2;0
TARTAGAL;2015;56;562015;LEAVY, SERGIO NAPOLEON;PV;0,4554;7;0,636;11;7;0,636;0;0
TARTAGAL;2019;56;562019;MIMMESI, MARIO;UCR;0,435;6;0,545;11;;;;0
TOLAR GRANDE;2007;57;572007;VILLANUEVA, SERGIO ALEJANDRO;PJ;0,8951;3;1;3;3;1;2;0
TOLAR GRANDE;2011;57;572011;VILLANUEVA, SERGIO ALEJANDRO;PJ;0,9508;3;1;3;3;1;2;0
TOLAR GRANDE;2015;57;572015;VILLANUEVA, SERGIO ALEJANDRO;PJ;0,7267;3;1;3;2;0,667;2;0
TOLAR GRANDE;2019;57;572019;VILLANUEVA, SERGIO ALEJANDRO;PJ;1;1;0,333;3;;;;0
URUNDEL;1987;58;581987;DEL PINO, ENRIQUE;PJ;;3;0,75;4;;;1;0
URUNDEL;1991;58;581991;PEDROZA, NESTOR RAMON;PJ;0,8132;4;1;4;3;0,75;2;0
URUNDEL;1995;58;581995;PEDROZA, NESTOR RAMON;PJ;0,6121;3;0,75;4;3;0,75;2;0
URUNDEL;1999;58;581999;PEDROZA, NESTOR RAMON;PJ;0,72;2;0,667;3;3;1;2;0
URUNDEL;2003;58;582003;PEDROZA, NESTOR RAMON;PJ;0,7399;2;0,667;3;3;1;2;0
URUNDEL;2007;58;582007;PEDROZA, NESTOR RAMON;PJ;0,5417;2;0,667;3;3;1;2;0
URUNDEL;2011;58;582011;PEDROZA, NESTOR RAMON;PJ;0,5402;2;0,667;3;1;0,333;2;0
URUNDEL;2015;58;582015;PEDROZA, NESTOR RAMON;MPU;0,4853;1;0,333;3;2;0,667;0;0
URUNDEL;2019;58;582019;CARAITA, VICTOR GERMAN;PV;;2;0,667;3;;;;0
VAQUEROS;1987;59;591987;VICO CAMPILONGO, JORGE ERNESTO;PJ;;2;0,667;3;2;0,667;1;0
VAQUEROS;1991;59;591991;JUNCO, MERCEDES ALBA;PJ;0,5633;2;0,667;3;2;0,667;2;0
VAQUEROS;1995;59;591995;JUNCO, MERCEDES ALBA;PJ;0,5806;3;0,75;4;3;0,75;1;0
VAQUEROS;1999;59;591999;ALEMAN, MIGUEL ANGEL;PJ;0,7273;2;0,667;3;3;1;2;0
VAQUEROS;2003;59;592003;ALEMAN, MIGUEL ANGEL;PJ;0,521;2;0,667;3;3;1;2;0
VAQUEROS;2007;59;592007;ALEMAN, MIGUEL ANGEL;PJ;0,3802;2;0,667;3;2;0,667;0;0
VAQUEROS;2011;59;592011;MORENO OVALLE, DANIEL ROBERTO;SST;0,5175;1;0,333;3;1;0,333;2;0
VAQUEROS;2015;59;592015;MORENO OVALLE, DANIEL ROBERTO;PV;0,489;1;0,333;3;1;0,333;2;0
VAQUEROS;2019;59;592019;MORENO OVALLE, DANIEL ROBERTO;MMS;0,5905;3;0,6;5;;;;0
AGUAS BLANCAS;2015;60;602015;OLIVA, SERGIO GERARDO;FRO;0,56;3;1;3;2;0,667;2;0
AGUAS BLANCAS;2019;60;602019;OLIVA, SERGIO GERARDO;PJ;0,5209;2;0,667;3;;;;0